<?xml version="1.0" encoding="UTF-8"?>
<project-private xmlns="http://www.netbeans.org/ns/project-private/1">
    <editor-bookmarks xmlns="http://www.netbeans.org/ns/editor-bookmarks/2" lastBookmarkId="0"/>
    <open-files xmlns="http://www.netbeans.org/ns/projectui-open-files/2">
        <group>
            <file>file:/Users/strotz/Documents/CSC-220/ScrambleSolver/src/think/Board.java</file>
            <file>file:/Users/strotz/Documents/CSC-220/ScrambleSolver/src/draw/FrameMain.java</file>
            <file>file:/Users/strotz/Documents/CSC-220/ScrambleSolver/src/think/DualBoard.java</file>
            <file>file:/Users/strotz/Documents/CSC-220/ScrambleSolver/src/draw/DrawPanel.java</file>
            <file>file:/Users/strotz/Documents/CSC-220/ScrambleSolver/src/think/Square.java</file>
        </group>
    </open-files>
</project-private>
